{"creationDateTime":"2023-08-01T10:34:35","datasetJSONVersion":"1.0.0","fileOID":"www.cdisc.org/StudyMSGv2/1/Define-XML_2.0.0/2023-08-01/ta","originator":"CDISC SEND Team","sourceSystem":"Sponsor System","sourceSystemVersion":"1.0","referenceData":{"studyOID":"VECTORSTUDYU1.SEND-IG.3.1","metaDataVersionOID":"MDV.VECTORSTUDYU1.SEND-IG.3.1","metaDataRef":"https://metadata.location.org/TDF_SEND_SENDIG31/define.xml","itemGroupData":{"IG.TA":{"records":6,"name":"TA","label":"TRIAL ARMS","items":[{"OID":"ITEMGROUPDATASEQ","name":"ITEMGROUPDATASEQ","label":"Record Identifier","type":"integer"},{"OID":"IT.TA.STUDYID","name":"STUDYID","label":"Study Identifier","type":"string","length":13,"keySequence":1},{"OID":"IT.TA.DOMAIN","name":"DOMAIN","label":"Domain Abbreviation","type":"string","length":2,"displayFormat":"$2"},{"OID":"IT.TA.ARMCD","name":"ARMCD","label":"Planned Arm Code","type":"string","length":2,"keySequence":2},{"OID":"IT.TA.ARM","name":"ARM","label":"Description of Planned Arm","type":"string","length":57},{"OID":"IT.TA.TAETORD","name":"TAETORD","label":"Order of Element within Arm","type":"integer","length":8,"keySequence":3},{"OID":"IT.TA.ETCD","name":"ETCD","label":"Element Code","type":"string","length":5},{"OID":"IT.TA.ELEMENT","name":"ELEMENT","label":"Description of Element","type":"string","length":20},{"OID":"IT.TA.TABRANCH","name":"TABRANCH","label":"Branch","type":"string","length":1},{"OID":"IT.TA.TATRANS","name":"TATRANS","label":"Transition Rule","type":"string","length":1},{"OID":"IT.TA.EPOCH","name":"EPOCH","label":"Trial Epoch","type":"string","length":11}],"itemData":[[1,"VECTORSTUDYU1","TA","A1","1E13 vg/kg, Vector A, Single injection, intravenous bolus",1,"ACCL","Acclimation","","","Acclimation"],[2,"VECTORSTUDYU1","TA","A1","1E13 vg/kg, Vector A, Single injection, intravenous bolus",2,"TRT01","1E13 vg/kg, Vector A","","","TREATMENT"],[3,"VECTORSTUDYU1","TA","A1","1E13 vg/kg, Vector A, Single injection, intravenous bolus",4,"OBS","Postdose Observation","","","Observation"],[4,"VECTORSTUDYU1","TA","A2","1E13 vg/kg, Vector B, Single injection, intravenous bolus",1,"ACCL","Acclimation","","","Acclimation"],[5,"VECTORSTUDYU1","TA","A2","1E13 vg/kg, Vector B, Single injection, intravenous bolus",3,"TRT02","1E13 vg/kg, Vector B","","","TREATMENT"],[6,"VECTORSTUDYU1","TA","A2","1E13 vg/kg, Vector B, Single injection, intravenous bolus",4,"OBS","Postdose Observation","","","Observation"]]}}}}