{"creationDateTime":"2023-08-01T10:34:35","datasetJSONVersion":"1.0.0","fileOID":"www.cdisc.org/StudyMSGv2/1/Define-XML_2.0.0/2023-08-01/te","originator":"CDISC SEND Team","sourceSystem":"Sponsor System","sourceSystemVersion":"1.0","referenceData":{"studyOID":"VECTORSTUDYU1.SEND-IG.3.1","metaDataVersionOID":"MDV.VECTORSTUDYU1.SEND-IG.3.1","metaDataRef":"https://metadata.location.org/TDF_SEND_SENDIG31/define.xml","itemGroupData":{"IG.TE":{"records":4,"name":"TE","label":"TRIAL ELEMENTS","items":[{"OID":"ITEMGROUPDATASEQ","name":"ITEMGROUPDATASEQ","label":"Record Identifier","type":"integer"},{"OID":"IT.TE.STUDYID","name":"STUDYID","label":"Study Identifier","type":"string","length":13,"keySequence":1},{"OID":"IT.TE.DOMAIN","name":"DOMAIN","label":"Domain Abbreviation","type":"string","length":2,"displayFormat":"$2"},{"OID":"IT.TE.ETCD","name":"ETCD","label":"Element Code","type":"string","length":5,"keySequence":2},{"OID":"IT.TE.ELEMENT","name":"ELEMENT","label":"Description of Element","type":"string","length":20},{"OID":"IT.TE.TESTRL","name":"TESTRL","label":"Rule for Start of Element","type":"string","length":33},{"OID":"IT.TE.TEENRL","name":"TEENRL","label":"Rule for End of Element","type":"string","length":25},{"OID":"IT.TE.TEDUR","name":"TEDUR","label":"Planned Duration of Element","type":"string"}],"itemData":[[1,"VECTORSTUDYU1","TE","ACCL","Acclimation","Start of Acclimation","End of Acclimation Period","P3W"],[2,"VECTORSTUDYU1","TE","TRT01","1E13 vg/kg, Vector A","First day of dosing with Vector A","End of Dosing Period","P1D"],[3,"VECTORSTUDYU1","TE","TRT02","1E13 vg/kg, Vector B","First day of dosing with Vector B","End of Dosing Period","P1D"],[4,"VECTORSTUDYU1","TE","OBS","Postdose Observation","One day after dose","End of Observation Period","P24W"]]}}}}