{"creationDateTime":"2023-08-01T10:34:36","datasetJSONVersion":"1.0.0","fileOID":"www.cdisc.org/StudyMSGv2/1/Define-XML_2.0.0/2023-08-01/ts","originator":"CDISC SEND Team","sourceSystem":"Sponsor System","sourceSystemVersion":"1.0","referenceData":{"studyOID":"VECTORSTUDYU1.SEND-IG.3.1","metaDataVersionOID":"MDV.VECTORSTUDYU1.SEND-IG.3.1","metaDataRef":"https://metadata.location.org/TDF_SEND_SENDIG31/define.xml","itemGroupData":{"IG.TS":{"records":41,"name":"TS","label":"TRIAL SUMMARY","items":[{"OID":"ITEMGROUPDATASEQ","name":"ITEMGROUPDATASEQ","label":"Record Identifier","type":"integer"},{"OID":"IT.TS.STUDYID","name":"STUDYID","label":"Study Identifier","type":"string","length":13,"keySequence":1},{"OID":"IT.TS.DOMAIN","name":"DOMAIN","label":"Domain Abbreviation","type":"string","length":2,"displayFormat":"$2"},{"OID":"IT.TS.TSSEQ","name":"TSSEQ","label":"Sequence Number","type":"integer","length":8,"keySequence":3},{"OID":"IT.TS.TSGRPID","name":"TSGRPID","label":"Group Identifier","type":"string","length":1},{"OID":"IT.TS.TSPARMCD","name":"TSPARMCD","label":"Trial Summary Parameter Short Name","type":"string","length":8,"keySequence":2},{"OID":"IT.TS.TSPARM","name":"TSPARM","label":"Trial Summary Parameter","type":"string","length":38},{"OID":"IT.TS.TSVAL","name":"TSVAL","label":"Parameter Value","type":"string","length":106}],"itemData":[[1,"VECTORSTUDYU1","TS",1,"","AGETXT","Age Text","24-48"],[2,"VECTORSTUDYU1","TS",2,"","AGEU","Age Unit","MONTHS"],[3,"VECTORSTUDYU1","TS",3,"","DOSDUR","Dosing Duration","P1D"],[4,"VECTORSTUDYU1","TS",4,"","DOSENDTC","End Date/Time of Dose Interval","2018-07-30"],[5,"VECTORSTUDYU1","TS",5,"","DOSSTDTC","Start Date/Time of Dose Interval","2018-07-30"],[6,"VECTORSTUDYU1","TS",6,"","EXPENDTC","Experimental End Date","2019-01-14"],[7,"VECTORSTUDYU1","TS",7,"","EXPSTDTC","Experimental Start Date","2018-07-30"],[8,"VECTORSTUDYU1","TS",8,"","GLPFL","GLP Flag","N"],[9,"VECTORSTUDYU1","TS",9,"","GLPTYP","Good Laboratory Practice Type","NONE"],[10,"VECTORSTUDYU1","TS",10,"","PCLASS","Pharmacologic Class","Not provided"],[11,"VECTORSTUDYU1","TS",11,"","ROUTE","Route of Administration","INTRAVENOUS"],[12,"VECTORSTUDYU1","TS",12,"","SDESIGN","Study Design","PARALLEL"],[13,"VECTORSTUDYU1","TS",13,"","SEXPOP","Sex of Participants","M"],[14,"VECTORSTUDYU1","TS",14,"","SLENGTH","Study Length","P24W"],[15,"VECTORSTUDYU1","TS",15,"","SNDCTVER","SEND Controlled Terminology Version","2019-03-29"],[16,"VECTORSTUDYU1","TS",16,"","SNDIGVER","SEND Implementation Guide Version","SEND IMPLEMENTATION GUIDE VERSION 3.1"],[17,"VECTORSTUDYU1","TS",17,"","SPECIES","Species","MONKEY"],[18,"VECTORSTUDYU1","TS",18,"","SPLANSUB","Planned Number of Subjects","6"],[19,"VECTORSTUDYU1","TS",19,"1","SPLRNAM","Test Subject Supplier","Redacted Lab A"],[20,"VECTORSTUDYU1","TS",20,"1","SPLRLOC","Test Subject Supplier Site","Redacted Lab A"],[21,"VECTORSTUDYU1","TS",21,"","SPREFID","Sponsor's Study Reference ID","VECTORSTUDYU1"],[22,"VECTORSTUDYU1","TS",21,"","SSPONSOR","Sponsoring Organization","Redacted Sponsor"],[23,"VECTORSTUDYU1","TS",22,"","SSTYP","Study Type","SINGLE DOSE TOXICITY"],[24,"VECTORSTUDYU1","TS",23,"","STCAT","Study Category","TOX"],[25,"VECTORSTUDYU1","TS",24,"2","STDIR","Study Director","Redacted Name A"],[26,"VECTORSTUDYU1","TS",25,"","STITLE","Study Title","24 Week Toxicity Study of Vector A and Vector B Following a Single Intravenous Injection in Adult Cynomoglus Macaques"],[27,"VECTORSTUDYU1","TS",26,"","STRAIN","Strain/Substrain","CYNOMOLGUS"],[28,"VECTORSTUDYU1","TS",27,"","STSTDTC","Study Start Date","2018-07-30"],[29,"VECTORSTUDYU1","TS",28,"2","TFCNTRY","Test Facility Country","USA"],[30,"VECTORSTUDYU1","TS",29,"","TRMSAC","Time to Terminal Sacrifice","P24W"],[31,"VECTORSTUDYU1","TS",30,"","TRT","Investigational Therapy or Treatment","Vector A"],[32,"VECTORSTUDYU1","TS",31,"","TRTCAS","Primary Treatment CAS Registry Number","Not provided"],[33,"VECTORSTUDYU1","TS",32,"","TRTUNII","Primary Treatment Unique Ingredient ID","Not provided"],[34,"VECTORSTUDYU1","TS",33,"2","TRTV","Treatment Vehicle","PBS + 0.001% Pluronic F-68"],[35,"VECTORSTUDYU1","TS",33,"2","TSTFLOC","Test Facility Location","Redacted Test Facility"],[36,"VECTORSTUDYU1","TS",34,"2","TSTFNAM","Test Facility Name","Redacted Test Facility"],[37,"VECTORSTUDYU1","TS",35,"","STENDTC","Study End Date","2019-06-15"],[38,"VECTORSTUDYU1","TS",36,"3","TSCNTRY","Test Site Country","USA"],[39,"VECTORSTUDYU1","TS",37,"3","TSLOC","Test Site Location","Redacted Lab B"],[40,"VECTORSTUDYU1","TS",38,"3","TSNAM","Test Site Name","Redacted Lab B"],[41,"VECTORSTUDYU1","TS",39,"3","PINV","Principal Investigator","Redacted Name B"]]}}}}